epoch,step,train_loss
0,9,0.4543647766113281
0,19,0.26502227783203125
0,29,0.584498405456543
0,39,0.1888294219970703
0,49,0.20225000381469727
0,59,0.4189791679382324
